{
  "components": [
    {
      "type": "LENS",
      "name": "500",
      "manufacturer": "",
      "properties": {
        "CURVATURE_IN_TANGENTIAL": 0.5150413232161317,
        "WAVELENGTH_DESIGN_TANGENTIAL": 5.875999999999999E-7,
        "FOCAL_LENGTH_DESIGN_SAGITTAL": 0.49829999999999997,
        "CURVATURE_OUT_SAGITTAL": -0.5150413232161317,
        "FOCAL_LENGTH_DESIGN_TANGENTIAL": 0.49829999999999997,
        "CURVATURE_IN_SAGITTAL": 0.5150413232161317,
        "DESIGN_MODE": 0.0,
        "MATERIAL": 2.0,
        "CURVATURE_OUT_TANGENTIAL": -0.5150413232161317,
        "WAVELENGTH_DESIGN_SAGITTAL": 5.875999999999999E-7,
        "IS_ROUND": 1.0
      }
    },
    {
      "type": "LENS",
      "name": "1000",
      "manufacturer": "",
      "properties": {
        "CURVATURE_IN_TANGENTIAL": 1.0301860061198445,
        "WAVELENGTH_DESIGN_TANGENTIAL": 5.875999999999999E-7,
        "FOCAL_LENGTH_DESIGN_SAGITTAL": 0.9966999999999999,
        "CURVATURE_OUT_SAGITTAL": -1.0301860061198445,
        "FOCAL_LENGTH_DESIGN_TANGENTIAL": 0.9966999999999999,
        "CURVATURE_IN_SAGITTAL": 1.0301860061198445,
        "DESIGN_MODE": 0.0,
        "MATERIAL": 2.0,
        "CURVATURE_OUT_TANGENTIAL": -1.0301860061198445,
        "WAVELENGTH_DESIGN_SAGITTAL": 5.875999999999999E-7,
        "IS_ROUND": 1.0
      }
    },
    {
      "type": "LENS",
      "name": "4,6",
      "manufacturer": "",
      "properties": {
        "CURVATURE_IN_TANGENTIAL": 0.00475454562872608,
        "WAVELENGTH_DESIGN_TANGENTIAL": 5.875999999999999E-7,
        "FOCAL_LENGTH_DESIGN_SAGITTAL": 0.004599999999999999,
        "CURVATURE_OUT_SAGITTAL": -0.00475454562872608,
        "FOCAL_LENGTH_DESIGN_TANGENTIAL": 0.004599999999999999,
        "CURVATURE_IN_SAGITTAL": 0.00475454562872608,
        "DESIGN_MODE": 0.0,
        "MATERIAL": 2.0,
        "CURVATURE_OUT_TANGENTIAL": -0.00475454562872608,
        "WAVELENGTH_DESIGN_SAGITTAL": 5.875999999999999E-7,
        "IS_ROUND": 1.0
      }
    }
  ],
  "name": "IR Thorlabs Linsen"
}