{
  "components": [
    {
      "type": "LENS",
      "name": "LB1869-A",
      "manufacturer": "",
      "properties": {
        "WAVELENGTH_DESIGN_SAGITTAL": 5.139999999999999E-7,
        "WAVELENGTH_DESIGN_TANGENTIAL": 5.139999999999999E-7,
        "CURVATURE_IN_SAGITTAL": 0.5205210000201469,
        "FOCAL_LENGTH_DESIGN_SAGITTAL": 0.49999999999999994,
        "IS_ROUND": 1.0,
        "CURVATURE_IN_TANGENTIAL": 0.5205210000201469,
        "MATERIAL": 2.0,
        "CURVATURE_OUT_TANGENTIAL": -0.5205210000201469,
        "CURVATURE_OUT_SAGITTAL": -0.5205210000201469,
        "FOCAL_LENGTH_DESIGN_TANGENTIAL": 0.49999999999999994,
        "DESIGN_MODE": 0.0
      }
    },
    {
      "type": "LENS",
      "name": "LB1475-A",
      "manufacturer": "",
      "properties": {
        "WAVELENGTH_DESIGN_SAGITTAL": 5.139999999999999E-7,
        "WAVELENGTH_DESIGN_TANGENTIAL": 5.139999999999999E-7,
        "CURVATURE_IN_SAGITTAL": 0.7807815000302204,
        "FOCAL_LENGTH_DESIGN_SAGITTAL": 0.7499999999999999,
        "IS_ROUND": 1.0,
        "CURVATURE_IN_TANGENTIAL": 0.7807815000302204,
        "MATERIAL": 2.0,
        "CURVATURE_OUT_TANGENTIAL": -0.7807815000302204,
        "CURVATURE_OUT_SAGITTAL": -0.7807815000302204,
        "FOCAL_LENGTH_DESIGN_TANGENTIAL": 0.7499999999999999,
        "DESIGN_MODE": 0.0
      }
    },
    {
      "type": "LENS",
      "name": "LA1229-A",
      "manufacturer": "",
      "properties": {
        "WAVELENGTH_DESIGN_SAGITTAL": 5.139999999999999E-7,
        "WAVELENGTH_DESIGN_TANGENTIAL": 5.139999999999999E-7,
        "CURVATURE_IN_SAGITTAL": 0.1821823500070514,
        "FOCAL_LENGTH_DESIGN_SAGITTAL": 0.17499999999999996,
        "IS_ROUND": 1.0,
        "CURVATURE_IN_TANGENTIAL": 0.1821823500070514,
        "MATERIAL": 2.0,
        "CURVATURE_OUT_TANGENTIAL": -0.1821823500070514,
        "CURVATURE_OUT_SAGITTAL": -0.1821823500070514,
        "FOCAL_LENGTH_DESIGN_TANGENTIAL": 0.17499999999999996,
        "DESIGN_MODE": 0.0
      }
    },
    {
      "type": "LENS",
      "name": "LK1085L1-A",
      "manufacturer": "",
      "properties": {
        "WAVELENGTH_DESIGN_SAGITTAL": 5.139999999999999E-7,
        "WAVELENGTH_DESIGN_TANGENTIAL": 3.0E-7,
        "CURVATURE_IN_SAGITTAL": -0.02082084000080587,
        "FOCAL_LENGTH_DESIGN_SAGITTAL": -0.01999999999999999,
        "IS_ROUND": 0.0,
        "CURVATURE_IN_TANGENTIAL": Infinity,
        "MATERIAL": 2.0,
        "CURVATURE_OUT_TANGENTIAL": -Infinity,
        "CURVATURE_OUT_SAGITTAL": 0.02082084000080587,
        "FOCAL_LENGTH_DESIGN_TANGENTIAL": Infinity,
        "DESIGN_MODE": 0.0
      }
    },
    {
      "type": "LENS",
      "name": "LK1283L1-A",
      "manufacturer": "",
      "properties": {
        "WAVELENGTH_DESIGN_SAGITTAL": 3.0E-7,
        "WAVELENGTH_DESIGN_TANGENTIAL": 3.0E-7,
        "CURVATURE_IN_SAGITTAL": -0.044221621085909615,
        "FOCAL_LENGTH_DESIGN_SAGITTAL": -0.03999999999999998,
        "IS_ROUND": 0.0,
        "CURVATURE_IN_TANGENTIAL": Infinity,
        "MATERIAL": 2.0,
        "CURVATURE_OUT_TANGENTIAL": -Infinity,
        "CURVATURE_OUT_SAGITTAL": 0.044221621085909615,
        "FOCAL_LENGTH_DESIGN_TANGENTIAL": Infinity,
        "DESIGN_MODE": 0.0
      }
    },
    {
      "type": "LENS",
      "name": "LA1131-A",
      "manufacturer": "",
      "properties": {
        "WAVELENGTH_DESIGN_SAGITTAL": 5.139999999999999E-7,
        "WAVELENGTH_DESIGN_TANGENTIAL": 5.139999999999999E-7,
        "CURVATURE_IN_SAGITTAL": 0.052052100002014705,
        "FOCAL_LENGTH_DESIGN_SAGITTAL": 0.05,
        "IS_ROUND": 1.0,
        "CURVATURE_IN_TANGENTIAL": 0.052052100002014705,
        "MATERIAL": 2.0,
        "CURVATURE_OUT_TANGENTIAL": -0.052052100002014705,
        "CURVATURE_OUT_SAGITTAL": -0.052052100002014705,
        "FOCAL_LENGTH_DESIGN_TANGENTIAL": 0.05,
        "DESIGN_MODE": 0.0
      }
    },
    {
      "type": "LENS",
      "name": "LA1608-A",
      "manufacturer": "",
      "properties": {
        "WAVELENGTH_DESIGN_SAGITTAL": 3.0E-7,
        "WAVELENGTH_DESIGN_TANGENTIAL": 3.0E-7,
        "CURVATURE_IN_SAGITTAL": 0.08291553953608055,
        "FOCAL_LENGTH_DESIGN_SAGITTAL": 0.07499999999999998,
        "IS_ROUND": 1.0,
        "CURVATURE_IN_TANGENTIAL": 0.08291553953608055,
        "MATERIAL": 2.0,
        "CURVATURE_OUT_TANGENTIAL": -0.08291553953608055,
        "CURVATURE_OUT_SAGITTAL": -0.08291553953608055,
        "FOCAL_LENGTH_DESIGN_TANGENTIAL": 0.07499999999999998,
        "DESIGN_MODE": 0.0
      }
    },
    {
      "type": "LENS",
      "name": "LA1986-A",
      "manufacturer": "",
      "properties": {
        "WAVELENGTH_DESIGN_SAGITTAL": 3.0E-7,
        "WAVELENGTH_DESIGN_TANGENTIAL": 3.0E-7,
        "CURVATURE_IN_SAGITTAL": 0.1381925658934676,
        "FOCAL_LENGTH_DESIGN_SAGITTAL": 0.12499999999999999,
        "IS_ROUND": 1.0,
        "CURVATURE_IN_TANGENTIAL": 0.1381925658934676,
        "MATERIAL": 2.0,
        "CURVATURE_OUT_TANGENTIAL": -0.1381925658934676,
        "CURVATURE_OUT_SAGITTAL": -0.1381925658934676,
        "FOCAL_LENGTH_DESIGN_TANGENTIAL": 0.12499999999999999,
        "DESIGN_MODE": 0.0
      }
    },
    {
      "type": "LENS",
      "name": "LA1708-A",
      "manufacturer": "",
      "properties": {
        "WAVELENGTH_DESIGN_SAGITTAL": 3.0E-7,
        "WAVELENGTH_DESIGN_TANGENTIAL": 3.0E-7,
        "CURVATURE_IN_SAGITTAL": 0.22110810542954817,
        "FOCAL_LENGTH_DESIGN_SAGITTAL": 0.19999999999999998,
        "IS_ROUND": 1.0,
        "CURVATURE_IN_TANGENTIAL": 0.22110810542954817,
        "MATERIAL": 2.0,
        "CURVATURE_OUT_TANGENTIAL": -0.22110810542954817,
        "CURVATURE_OUT_SAGITTAL": -0.22110810542954817,
        "FOCAL_LENGTH_DESIGN_TANGENTIAL": 0.19999999999999998,
        "DESIGN_MODE": 0.0
      }
    },
    {
      "type": "LENS",
      "name": "LK1900L1-A",
      "manufacturer": "",
      "properties": {
        "WAVELENGTH_DESIGN_SAGITTAL": 5.139999999999999E-7,
        "WAVELENGTH_DESIGN_TANGENTIAL": 3.0E-7,
        "CURVATURE_IN_SAGITTAL": -0.026432056381023052,
        "FOCAL_LENGTH_DESIGN_SAGITTAL": -0.02538999999999999,
        "IS_ROUND": 0.0,
        "CURVATURE_IN_TANGENTIAL": Infinity,
        "MATERIAL": 2.0,
        "CURVATURE_OUT_TANGENTIAL": -Infinity,
        "CURVATURE_OUT_SAGITTAL": 0.026432056381023052,
        "FOCAL_LENGTH_DESIGN_TANGENTIAL": Infinity,
        "DESIGN_MODE": 0.0
      }
    },
    {
      "type": "LENS",
      "name": "LK1006L1-A",
      "manufacturer": "",
      "properties": {
        "WAVELENGTH_DESIGN_SAGITTAL": 5.139999999999999E-7,
        "WAVELENGTH_DESIGN_TANGENTIAL": 5.139999999999999E-7,
        "CURVATURE_IN_SAGITTAL": -23.100721980894114,
        "FOCAL_LENGTH_DESIGN_SAGITTAL": -22.18999999999999,
        "IS_ROUND": 0.0,
        "CURVATURE_IN_TANGENTIAL": Infinity,
        "MATERIAL": 2.0,
        "CURVATURE_OUT_TANGENTIAL": -Infinity,
        "CURVATURE_OUT_SAGITTAL": 23.100721980894114,
        "FOCAL_LENGTH_DESIGN_TANGENTIAL": Infinity,
        "DESIGN_MODE": 0.0
      }
    },
    {
      "type": "LENS",
      "name": "LJ1328L1-A",
      "manufacturer": "",
      "properties": {
        "WAVELENGTH_DESIGN_SAGITTAL": 5.139999999999999E-7,
        "WAVELENGTH_DESIGN_TANGENTIAL": 5.139999999999999E-7,
        "CURVATURE_IN_SAGITTAL": 0.020831250420806267,
        "FOCAL_LENGTH_DESIGN_SAGITTAL": 0.020009999999999986,
        "IS_ROUND": 0.0,
        "CURVATURE_IN_TANGENTIAL": Infinity,
        "MATERIAL": 2.0,
        "CURVATURE_OUT_TANGENTIAL": -Infinity,
        "CURVATURE_OUT_SAGITTAL": -0.020831250420806267,
        "FOCAL_LENGTH_DESIGN_TANGENTIAL": Infinity,
        "DESIGN_MODE": 0.0
      }
    },
    {
      "type": "LENS",
      "name": "LJ1014L1-A",
      "manufacturer": "",
      "properties": {
        "WAVELENGTH_DESIGN_SAGITTAL": 5.139999999999999E-7,
        "WAVELENGTH_DESIGN_TANGENTIAL": 5.139999999999999E-7,
        "CURVATURE_IN_SAGITTAL": 26.442466801023468,
        "FOCAL_LENGTH_DESIGN_SAGITTAL": 25.4,